{"My Layout":[{"yPercentage":0,"widthPercentage":0.3333984375,"xPercentage":0.6666015625,"heightPercentage":0.9826388888888888,"number":1},{"xPercentage":-0,"heightPercentage":0.9826388888888888,"number":3,"widthPercentage":0.3333984375,"yPercentage":-0},{"number":2,"widthPercentage":0.3333984375,"yPercentage":0,"xPercentage":0.3330078125,"heightPercentage":0.9826388888888888}]}